{
    "train": {
        "precision": 0.9990503323836658,
        "recall": 0.9987228607918263,
        "f1_score": 0.9988846935599723
    },
    "val": {
        "precision": 1.0,
        "recall": 1.0,
        "f1_score": 1.0
    },
    "test": {
        "precision": 0.9911695906432749,
        "recall": 0.9896031746031747,
        "f1_score": 0.9903450470337888
    }
}